{"cameraMode":{"drawMode":0,"name":"Shaded","section":"Shading Mode"},"sceneLighting":true,"audioPlay":false,"sceneViewState":{"showFog":true,"showMaterialUpdate":false,"showSkybox":true,"showFlares":true,"showImageEffects":true,"showParticleSystems":true},"in2DMode":false,"pivot":{"x":-6.623625755310059,"y":-0.40936994552612307,"z":-5.323687553405762},"rotation":{"x":-0.06311772763729096,"y":0.8362980484962463,"z":-0.09856680780649185,"w":-0.5356879830360413},"size":6.815636157989502,"orthographic":false}