{"cameraMode":{"drawMode":0,"name":"Shaded","section":"Shading Mode"},"sceneLighting":true,"audioPlay":false,"sceneViewState":{"showFog":true,"showMaterialUpdate":true,"showSkybox":true,"showFlares":true,"showImageEffects":true,"showParticleSystems":true},"in2DMode":false,"pivot":{"x":0.5521068572998047,"y":20.646862030029298,"z":3.519129753112793},"rotation":{"x":0.006464277394115925,"y":-0.9936380386352539,"z":0.07796478271484375,"w":0.08213263750076294},"size":7.9435906410217289,"orthographic":false}